id;name;img_url;notes;url
1;Operations;Jewelery Granite Investor;../fake-data/blob/hipster.txt;https://ilene.biz
2;Books Salad;Chair;../fake-data/blob/hipster.txt;http://aditya.net
3;Diverse plug-and-play Expressway;Dollar Checking Clothing;../fake-data/blob/hipster.txt;http://vida.biz
4;Buckinghamshire;Burundi Direct bandwidth;../fake-data/blob/hipster.txt;https://trace.biz
5;Aruban XSS;quantify Singapore;../fake-data/blob/hipster.txt;http://jaren.biz
6;PCI Savings;Montana Loan Assistant;../fake-data/blob/hipster.txt;http://jaren.info
7;program Home;bypass;../fake-data/blob/hipster.txt;https://lesley.info
8;Gorgeous;Table Soap parse;../fake-data/blob/hipster.txt;http://susana.name
9;revolutionary Samoa;Facilitator;../fake-data/blob/hipster.txt;http://caden.name
10;Outdoors;Legacy Handmade;../fake-data/blob/hipster.txt;http://carlo.net
