id;name;notes
1;envisioneer;../fake-data/blob/hipster.txt
2;violet Delaware;../fake-data/blob/hipster.txt
3;Alaska;../fake-data/blob/hipster.txt
4;backing Planner;../fake-data/blob/hipster.txt
5;portals;../fake-data/blob/hipster.txt
6;Plastic;../fake-data/blob/hipster.txt
7;User-friendly Electronics;../fake-data/blob/hipster.txt
8;Loan Macedonia synthesize;../fake-data/blob/hipster.txt
9;functionalities Handcrafted;../fake-data/blob/hipster.txt
10;Bedfordshire transmit index;../fake-data/blob/hipster.txt
