id;borrow_date;borrower_name;notes
1;2023-09-17;XSS generate;JSON
2;2023-09-17;alarm;transmit Loan
3;2023-09-17;Tasty;JBOD bluetooth Savings
4;2023-09-17;eyeballs matrix Factors;Delaware primary e-commerce
5;2023-09-17;recontextualize;Gorgeous Washington
6;2023-09-17;Chair Intelligent;Data Chicken
7;2023-09-17;Argentine Leu Garden;Keyboard Shilling Dakota
8;2023-09-17;Handmade;wireless invoice Estate
9;2023-09-17;website Holy Cambridgeshire;synthesizing Soap Franc
10;2023-09-17;Delaware multi-byte circuit;Plastic application invoice
