id;name;code;img_url;notes
1;regional input payment;hack;quantify;../fake-data/blob/hipster.txt
2;drive;end-to-end Oregon parsing;project;../fake-data/blob/hipster.txt
3;quantifying Table Rubber;cross-platform;ivory red;../fake-data/blob/hipster.txt
4;Soft Dynamic;application deposit;Quality;../fake-data/blob/hipster.txt
5;User Ergonomic;invoice;Loan 24/7;../fake-data/blob/hipster.txt
6;Bosnia Guinea-Bissau;IB;transmitter Web;../fake-data/blob/hipster.txt
7;Trafficway Rupee Namibia;Home;Games back-end;../fake-data/blob/hipster.txt
8;Loan;program lavender Centers;bandwidth Keyboard Liaison;../fake-data/blob/hipster.txt
9;USB Total algorithm;Buckinghamshire;Sleek auxiliary Outdoors;../fake-data/blob/hipster.txt
10;standardization array;Forward Bahamas;copying;../fake-data/blob/hipster.txt
